{"slope": 100.00107443233534, "intercept": 50001.74918541085}