{"slope": 100.00107443233532, "intercept": 50001.74918541091}